Edad,Nombre completo,25D,25P,25M,25L,50D,50P,50L,50M,100L,100P,100D,100CI
9,Saras Maynerich Chantell,,,,,,,,,,,,
9,Keneipp Gudroe Larae,,,,,,,,,,,,
9,Kardas Stenseth Ernie,,,,,,,,,,,,
9,Newville Samu Estrella,,,,,,,,,,,,
9,Nachor Hidvegi Dorthy,,,,,,,,,,,,
9,Dallen Coody Eun,,,,,,,,,,,,
9,Leto Lizama Lashaunda,,,,,,,,,,,,
9,Nicka Jacobos Refugia,,,,,,,,,,,,
9,Buemi Maile Sharee,,,,,,,,,,,,
9,Kolmetz Sayaphon Rasheeda,,,,,,,,,,,,
9,Adkin Varriano Claribel,,,,,,,,,,,,
9,Weirather Yaw Audry,,,,,,,,,,,,
9,Raymo Berganza Heike,,,,,,,,,,,,
9,Silvestrini Good Casie,,,,,,,,,,,,
9,Kohnert Ehmann Kristel,,,,,,,,,,,,
9,Miceli Kohl Lizbeth,,,,,,,,,,,,
9,Hagele Discipio Xochitl,,,,,,,,,,,,
9,Schmaltz Gato Lai,,,,,,,,,,,,
9,Madarang Dorshorst Wynell,,,,,,,,,,,,
9,Bowley Diestel Lonna,,,,,,,,,,,,
9,Reiber Scheyer Andra,,,,,,,,,,,,
9,Engelberg Suffield Gwenn,,,,,,,,,,,,
9,Cloney Malvin Chaya,,,,,,,,,,,,
9,Kannady Spickerman Rolande,,,,,,,,,,,,
9,Kaniecki Chickering Devorah,,,,,,,,,,,,
9,Onofrio Mondella Vallie,,,,,,,,,,,,
9,Perez Lukasik Markus,,,,,,,,,,,,
9,Perigo Mconnell Jettie,,,,,,,,,,,,
9,Konopacki Maisto Reena,,,,,,,,,,,,
9,Arceo Stockham Jose,,,,,,,,,,,,
9,Juvera Chui Ezekiel,,,,,,,,,,,,
9,Biddy Darakjy Josephine,,,,,,,,,,,,
9,Venere Bookamer Flo,,,,,,,,,,,,
9,Kampa Paprocki Lenna,,,,,,,,,,,,
9,Gillaspie Foller Donette,,,,,,,,,,,,
9,Paprocki Kampa Raylene,,,,,,,,,,,,
9,Morasca Harabedian Lai,,,,,,,,,,,,
9,Bachman Dilello Lindsey,,,,,,,,,,,,
9,Lorens Amigon Minna,,,,,,,,,,,,
9,Hoogland Sengbusch Elke,,,,,,,,,,,,
9,Zepp Padilla Bulah,,,,,,,,,,,,
9,Marrier Boulter Carlee,,,,,,,,,,,,
9,Patak Gellinger Gearldine,,,,,,,,,,,,
9,Delasancha Whobrey Yuki,,,,,,,,,,,,
9,Toelkes Kiel Virgie,,,,,,,,,,,,
9,Hoa Gehrett Aja,,,,,,,,,,,,
9,Wolny Luczki Yolando,,,,,,,,,,,,
9,Fredicks Hirpara Felix,,,,,,,,,,,,
9,Pinilla Lace Kayleigh,,,,,,,,,,,,
9,Shadrick Kitzman Chau,,,,,,,,,,,,
9,Poquette Paskin Lili,,,,,,,,,,,,
10,Uyetake Galam Britt,,,,,,,,,,,,
10,Barfield Meteer Nichelle,,,,,,,,,,,,
10,Schmierer Feichtner Truman,,,,,,,,,,,,
10,Lace Pinilla Ashlyn,,,,,,,,,,,,
10,Vanausdal Myricks Stephane,,,,,,,,,,,,
10,Hirpara Fredicks Helga,,,,,,,,,,,,
10,Saylors Mclaird Elli,,,,,,,,,,,,
10,Wardrip Slayton Glenna,,,,,,,,,,,,
10,Waycott Samara Cristal,,,,,,,,,,,,
10,Monterrubio Strassner Belen,,,,,,,,,,,,
10,Lukasik Perez Devora,,,,,,,,,,,,
10,Campain Mcnease Nu,,,,,,,,,,,,
10,Bruschke Berlanga Vilma,,,,,,,,,,,,
10,Semidey Klimek Valentin,,,,,,,,,,,,
10,Schirpke Corbley Candida,,,,,,,,,,,,
10,Hiatt Julia Caitlin,,,,,,,,,,,,
10,Halter Vinning Stephaine,,,,,,,,,,,,
10,Yaw Weirather Daren,,,,,,,,,,,,
10,Walthall Benimadho Elvera,,,,,,,,,,,,
10,Hoffis Sawchuk Nelida,,,,,,,,,,,,
10,Dorshorst Madarang Kimbery,,,,,,,,,,,,
10,Upthegrove Baltimore Aliza,,,,,,,,,,,,
10,Figeroa Chaffins Jess,,,,,,,,,,,,
10,Gobern Cryer Joseph,,,,,,,,,,,,
10,Eanes Perin Lavera,,,,,,,,,,,,
10,Haroldson Bennick Kristofer,,,,,,,,,,,,
10,Pawlowicz Syrop Ernest,,,,,,,,,,,,
10,Whobrey Delasancha Mona,,,,,,,,,,,,
10,Tolfree Labreche Dulce,,,,,,,,,,,,
10,Theodorov Loder Corinne,,,,,,,,,,,,
10,Plumer Hamilton Charlene,,,,,,,,,,,,
10,Nunlee Caudy Chanel,,,,,,,,,,,,
10,Hanafan Turinetti Kristeen,,,,,,,,,,,,
10,Montezuma Brachle Raina,,,,,,,,,,,,
10,Lawler Canlas Erinn,,,,,,,,,,,,
10,Degonia Buzick France,,,,,,,,,,,,
10,Tillotson Maclead Abel,,,,,,,,,,,,
10,Skulski Scriven Lilli,,,,,,,,,,,,
10,Chavous Slusarski Alisha,,,,,,,,,,,,
10,Diestel Bowley Emerson,,,,,,,,,,,,
10,Louissant Isaacs Bok,,,,,,,,,,,,
10,Stockham Arceo Tegan,,,,,,,,,,,,
10,Zurcher Mugnolo Justine,,,,,,,,,,,,
10,Coyier Modzelewski Tracey,,,,,,,,,,,,
10,Chui Juvera Nickolas,,,,,,,,,,,,
10,Haufler Karpel Salena,,,,,,,,,,,,
10,Iturbide Devreese Diane,,,,,,,,,,,,
10,Sergi Breland Joni,,,,,,,,,,,,
10,Galam Uyetake Sabra,,,,,,,,,,,,
10,Sweigard Gochal Freeman,,,,,,,,,,,,
11,Boord Martabano Lorean,,,,,,,,,,,,
11,Treston Limmel Marge,,,,,,,,,,,,
11,Caiafa Aquas Judy,,,,,,,,,,,,
11,Candlish Waymire Norah,,,,,,,,,,,,
11,Neither Sarbacher Glendora,,,,,,,,,,,,
11,Fallick Amyot Jutta,,,,,,,,,,,,
11,Skursky Tomasulo Whitley,,,,,,,,,,,,
11,Cookey Flister Jesusita,,,,,,,,,,,,
11,Kippley Mai Earleen,,,,,,,,,,,,
11,Reitler Borgman Keneth,,,,,,,,,,,,
11,Goldammer Ketelsen Dean,,,,,,,,,,,,
11,Degroot Herritt Kirk,,,,,,,,,,,,
11,Sama Fritz An,,,,,,,,,,,,
11,Gochal Sweigard Carmen,,,,,,,,,,,,
11,Gudroe Keneipp Kate,,,,,,,,,,,,
11,Vanheusen Andreason Tasia,,,,,,,,,,,,
11,Dhamer Cousey Sylvia,,,,,,,,,,,,
11,Mallett Emard Franklyn,,,,,,,,,,,,
11,Fillingim Vizarro Lashon,,,,,,,,,,,,
11,Arias Dinos Daron,,,,,,,,,,,,
11,Cronauer Ryser Sylvie,,,,,,,,,,,,
11,Kitzman Shadrick Shalon,,,,,,,,,,,,
11,Steffensmeier Berray Glenn,,,,,,,,,,,,
11,Cetta Munis Levi,,,,,,,,,,,,
11,Stuer Deleo Carin,,,,,,,,,,,,
11,Menter Nievas Erick,,,,,,,,,,,,
11,Sawchuk Hoffis Roosevelt,,,,,,,,,,,,
11,Wenzinger Weight Penney,,,,,,,,,,,,
11,Breland Sergi Alishia,,,,,,,,,,,,
11,Slayton Wardrip Tammara,,,,,,,,,,,,
11,Juhas Castros Annmarie,,,,,,,,,,,,
11,Berray Steffensmeier Tiffiny,,,,,,,,,,,,
11,Kiel Toelkes Viva,,,,,,,,,,,,
11,Villanueva Wenner Tonette,,,,,,,,,,,,
11,Devreese Iturbide Allene,,,,,,,,,,,,
11,Ventura Palaspas Shawna,,,,,,,,,,,,
11,Nestle Lipkin Adell,,,,,,,,,,,,
11,Samara Waycott Kanisha,,,,,,,,,,,,
11,Bolognia Rowling Jacqueline,,,,,,,,,,,,
11,Grenet Briddick Jina,,,,,,,,,,,,
11,Tagala Cork Rosio,,,,,,,,,,,,
11,Mcdoniel Centini Lisha,,,,,,,,,,,,
11,Mcnease Campain Roxane,,,,,,,,,,,,
11,Monarrez Claucherty Jeanice,,,,,,,,,,,,
11,Butzen Shire Van,,,,,,,,,,,,
11,Oles Dilliard Leota,,,,,,,,,,,,
11,Castros Juhas Deeanna,,,,,,,,,,,,
12,Berlanga Bruschke Danica,,,,,,,,,,,,
12,Worlds Hellickson Dottie,,,,,,,,,,,,
12,Weglarz Malet Blair,,,,,,,,,,,,
12,Miro Gibes Cory,,,,,,,,,,,,
12,Julia Hiatt Marguerita,,,,,,,,,,,,
12,Frey Acuff Weldon,,,,,,,,,,,,
12,Rantanen Hughey Deandrea,,,,,,,,,,,,
12,Wildfong Mastella Marjory,,,,,,,,,,,,
12,Matuszak Poullion Felicidad,,,,,,,,,,,,
12,Lacovara Lother Cristy,,,,,,,,,,,,
12,Calvaresi Bergesen Alaine,,,,,,,,,,,,
12,Cryer Gobern Leonida,,,,,,,,,,,,
12,Kusko Bourbon Sharen,,,,,,,,,,,,
12,Hengel Bartolet Glen,,,,,,,,,,,,
12,Swayze Pugh Blondell,,,,,,,,,,,,
12,Nicolozakes Gesick Rebecka,,,,,,,,,,,,
12,Maisto Konopacki Willodean,,,,,,,,,,,,
12,Rulapaugh Threets Leslie,,,,,,,,,,,,
12,Paulas Birkner Quentin,,,,,,,,,,,,
12,Tawil Pelkowski Mozell,,,,,,,,,,,,
12,Claucherty Monarrez Amber,,,,,,,,,,,,
12,Mirafuentes Paa Linn,,,,,,,,,,,,
12,Ferencz Jeanty Alline,,,,,,,,,,,,
12,Wiklund Maillard Venita,,,,,,,,,,,,
12,Martabano Boord Annabelle,,,,,,,,,,,,
12,Kownacki Witten Gertude,,,,,,,,,,,,
12,Rhoden Munns Myra,,,,,,,,,,,,
12,Moyd Westerbeck Stevie,,,,,,,,,,,,
12,Ferrario Springe Layla,,,,,,,,,,,,
12,Nabours Wrinkles Nana,,,,,,,,,,,,
12,Rodenberger Shealy Ozell,,,,,,,,,,,,
12,Emard Mallett Mirta,,,,,,,,,,,,
12,Rodeigues Brossart Nicolette,,,,,,,,,,,,
12,Bennick Haroldson Cheryl,,,,,,,,,,,,
12,Baltimore Upthegrove Raul,,,,,,,,,,,,
12,Lipke Gleich Catarina,,,,,,,,,,,,
12,Dickerson Jayson Eden,,,,,,,,,,,,
12,Ehmann Kohnert Audra,,,,,,,,,,,,
12,Lindall Leinenbach Joanna,,,,,,,,,,,,
12,Maclead Tillotson Catalina,,,,,,,,,,,,
12,Poullion Matuszak Olive,,,,,,,,,,,,
12,Dubaldi Corrington Beatriz,,,,,,,,,,,,
12,Paa Mirafuentes Becky,,,,,,,,,,,,
12,Boulter Marrier Kris,,,,,,,,,,,,
12,Caldarera Similton Gail,,,,,,,,,,,,
12,Isenhower Hoopengardner Ettie,,,,,,,,,,,,
12,Meisel Merced Laticia,,,,,,,,,,,,
12,Flosi Yori Shawnda,,,,,,,,,,,,
12,Merced Meisel Margart,,,,,,,,,,,,
12,Ketelsen Goldammer Cyndy,,,,,,,,,,,,
12,Loder Theodorov Kerry,,,,,,,,,,,,
12,Seewald Lapage Cecil,,,,,,,,,,,,
13,Varriano Adkin Barbra,,,,,,,,,,,,
13,Fishburne Fortino Pamella,,,,,,,,,,,,
13,Similton Caldarera Kiley,,,,,,,,,,,,
13,Angalich Buvens Tawna,,,,,,,,,,,,
13,Asar Albares Cammy,,,,,,,,,,,,
13,Slusarski Chavous Roslyn,,,,,,,,,,,,
13,Karpin Eschberger Christiane,,,,,,,,,,,,
13,Liukko Rim Gladys,,,,,,,,,,,,
13,Auffrey Denooyer Haydee,,,,,,,,,,,,
13,Burnard Staback Martina,,,,,,,,,,,,
13,Colaizzo Schemmer Youlanda,,,,,,,,,,,,
13,Agramonte Tjepkema Yvonne,,,,,,,,,,,,
13,Radde Mauson Leonora,,,,,,,,,,,,
13,Threets Rulapaugh Kati,,,,,,,,,,,,
13,Staback Burnard Lauran,,,,,,,,,,,,
13,Duenas Setter Ceola,,,,,,,,,,,,
13,Sturiale Dopico Carey,,,,,,,,,,,,
13,Tegarden Layous Ma,,,,,,,,,,,,
13,Hidvegi Nachor Tarra,,,,,,,,,,,,
13,Modzelewski Coyier Detra,,,,,,,,,,,,
13,Lipkin Nestle Lorrie,,,,,,,,,,,,
13,Fritz Sama Benedict,,,,,,,,,,,,
13,Rentfro Glick Albina,,,,,,,,,,,,
13,Lary Funnell Izetta,,,,,,,,,,,,
13,Aredondo Stimmel Portia,,,,,,,,,,,,
13,Borgman Reitler Laurel,,,,,,,,,,,,
13,Canlas Lawler Merlyn,,,,,,,,,,,,
13,Acuff Frey Theola,,,,,,,,,,,,
13,Farrow Giguere Wilda,,,,,,,,,,,,
13,Mccullan Fern Natalie,,,,,,,,,,,,
13,Gwalthney Zane Sheridan,,,,,,,,,,,,
13,Ostolaza Crupi Delisa,,,,,,,,,,,,
13,Wenner Villanueva Josphine,,,,,,,,,,,,
13,Samu Newville Lenna,,,,,,,,,,,,
13,Schnitzler Smith Ty,,,,,,,,,,,,
13,Kulzer Cantres Galen,,,,,,,,,,,,
13,Kines Klang Lashandra,,,,,,,,,,,,
13,Weight Wenzinger Dick,,,,,,,,,,,,
13,Gato Schmaltz Staci,,,,,,,,,,,,
13,Amyot Fallick Jennifer,,,,,,,,,,,,
13,Pagliuca Felger Twana,,,,,,,,,,,,
13,Sahagun Demesa Herman,,,,,,,,,,,,
13,Husser Blackwood Kallie,,,,,,,,,,,,
13,Maile Buemi Alease,,,,,,,,,,,,
14,Yum Ogg Kaitlyn,,,,,,,,,,,,
14,Klang Kines Donte,,,,,,,,,,,,
14,Dewar Ostrosky Rozella,,,,,,,,,,,,
14,Witten Kownacki Sue,,,,,,,,,,,,
14,Pugh Swayze Quentin,,,,,,,,,,,,
14,Bartolet Hengel Lavonda,,,,,,,,,,,,
14,Parvis Bilden Mariann,,,,,,,,,,,,
14,Isaacs Louissant Sheron,,,,,,,,,,,,
14,Chickering Kaniecki Golda,,,,,,,,,,,,
14,Rim Liukko Gilma,,,,,,,,,,,,
14,Birkner Paulas Howard,,,,,,,,,,,,
14,Wide Manno Thurman,,,,,,,,,,,,
14,Wieser Ankeny Thaddeus,,,,,,,,,,,,
14,Springe Ferrario Justine,,,,,,,,,,,,
14,Latzke Hauenstein Fabiola,,,,,,,,,,,,
14,Coody Dallen Jerry,,,,,,,,,,,,
14,Wolfgramm Ragel Leota,,,,,,,,,,,,
14,Strassner Monterrubio Renea,,,,,,,,,,,,
14,Hollack Suell Caprice,,,,,,,,,,,,
14,Cantres Kulzer Glory,,,,,,,,,,,,
14,Bourbon Kusko Willow,,,,,,,,,,,,
14,Feichtner Schmierer Pamella,,,,,,,,,,,,
14,Riopelle Colla Zona,,,,,,,,,,,,
14,Bitsuie Pontoriero Cathrine,,,,,,,,,,,,
14,Harnos Corrio Ammie,,,,,,,,,,,,
14,Blunk Stoltzman Junita,,,,,,,,,,,,
14,Brucato Lungren Fannie,,,,,,,,,,,,
14,Shealy Rodenberger Helene,,,,,,,,,,,,
14,Mugnolo Zurcher Jerry,,,,,,,,,,,,
14,Francescon Kitty Gail,,,,,,,,,,,,
14,Mcrae Rhym Bobbye,,,,,,,,,,,,
14,Mauson Radde Evangelina,,,,,,,,,,,,
14,Hughey Rantanen My,,,,,,,,,,,,
14,Hellickson Worlds Lorrine,,,,,,,,,,,,
14,Perruzza Klonowski Karl,,,,,,,,,,,,
14,Sweely Toyama Barrett,,,,,,,,,,,,
14,Turinetti Hanafan Jolanda,,,,,,,,,,,,
14,Hoopengardner Isenhower Lettie,,,,,,,,,,,,
14,Riden Saulter Eladia,,,,,,,,,,,,
14,Ostrosky Dewar Izetta,,,,,,,,,,,,
14,Caudy Nunlee Gary,,,,,,,,,,,,
14,Rowling Bolognia Brock,,,,,,,,,,,,
14,Zane Gwalthney Elouise,,,,,,,,,,,,
14,Felger Pagliuca Laurel,,,,,,,,,,,,
14,Denooyer Auffrey Ressie,,,,,,,,,,,,
14,Andreason Vanheusen Carma,,,,,,,,,,,,
14,Heimann Morocco Elly,,,,,,,,,,,,
14,Ryser Cronauer Louisa,,,,,,,,,,,,
14,Ragel Wolfgramm Irma,,,,,,,,,,,,
14,Dinos Arias Alyce,,,,,,,,,,,,
14,Fortino Fishburne Yoko,,,,,,,,,,,,
15,Dilliard Oles Jovita,,,,,,,,,,,,
15,Rochin Daufeldt Cyril,,,,,,,,,,,,
15,Mondella Onofrio Antione,,,,,,,,,,,,
15,Blackwood Husser Selma,,,,,,,,,,,,
15,Vinning Halter Helaine,,,,,,,,,,,,
15,Foller Gillaspie Brittni,,,,,,,,,,,,
15,Cousey Dhamer Derick,,,,,,,,,,,,
15,Cartan Drymon Jennie,,,,,,,,,,,,
15,Perin Eanes Sharika,,,,,,,,,,,,
15,Gotter Linahan Maile,,,,,,,,,,,,
15,Craghead Estell Roselle,,,,,,,,,,,,
15,Batman Heintzman Samira,,,,,,,,,,,,
15,Emigh Rodefer Bernardine,,,,,,,,,,,,
15,Deleo Stuer Lashawnda,,,,,,,,,,,,
15,Maynerich Saras Sherita,,,,,,,,,,,,
15,Centini Mcdoniel Mollie,,,,,,,,,,,,
15,Oldroyd Comnick Daniela,,,,,,,,,,,,
15,Jillson Beech Louvenia,,,,,,,,,,,,
15,Garufi Gabisi Janey,,,,,,,,,,,,
15,Mulqueen Tomblin Merissa,,,,,,,,,,,,
15,Ruta Chesterfield Dorothy,,,,,,,,,,,,
15,Buvens Angalich Ahmed,,,,,,,,,,,,
15,Amigon Lorens Lawrence,,,,,,,,,,,,
15,Crupi Ostolaza Jolene,,,,,,,,,,,,
15,Cork Tagala Annelle,,,,,,,,,,,,
15,Rhym Mcrae Trinidad,,,,,,,,,,,,
15,Motley Butt James,,,,,,,,,,,,
15,Westerbeck Moyd Taryn,,,,,,,,,,,,
15,Suffield Engelberg Johnna,,,,,,,,,,,,
15,Nievas Menter Oretha,,,,,,,,,,,,
15,Loader Farrar Jade,,,,,,,,,,,,
15,Timenez Knipp Melodie,,,,,,,,,,,,
15,Suell Hollack Cecily,,,,,,,,,,,,
15,Tjepkema Agramonte Fausto,,,,,,,,,,,,
15,Pontoriero Bitsuie Viola,,,,,,,,,,,,
15,Darakjy Biddy Jani,,,,,,,,,,,,
15,Jurney Eroman Ilene,,,,,,,,,,,,
15,Pedrozo Hochard Malinda,,,,,,,,,,,,
15,Sarao Rhymes Micaela,,,,,,,,,,,,
15,Kalafatis Meinerding Vincent,,,,,,,,,,,,
15,Restrepo Bevelacqua Rima,,,,,,,,,,,,
15,Bilden Parvis Arminda,,,,,,,,,,,,
15,Jayson Dickerson Dominque,,,,,,,,,,,,
15,Malvin Cloney Buddy,,,,,,,,,,,,
15,Koppinger Gillian Valentine,,,,,,,,,,,,
15,Vonasek Bayless Merilyn,,,,,,,,,,,,
15,Waymire Candlish Sarah,,,,,,,,,,,,
15,Chesterfield Ruta Graciela,,,,,,,,,,,,
15,Maillard Wiklund Melissa,,,,,,,,,,,,
15,Pelkowski Tawil Filiberto,,,,,,,,,,,,
15,Palaia Inouye Veronika,,,,,,,,,,,,
15,Labreche Tolfree Latrice,,,,,,,,,,,,
15,Paskin Poquette Mattie,,,,,,,,,,,,
15,Estell Craghead Lezlie,,,,,,,,,,,,
15,Chaffins Figeroa Bernardo,,,,,,,,,,,,
15,Bookamer Venere Art,,,,,,,,,,,,
15,Knipp Timenez Loreta,,,,,,,,,,,,
15,Toyama Sweely Tresa,,,,,,,,,,,,
16,Ogg Yum Dierdre,,,,,,,,,,,,
16,Demesa Sahagun Paz,,,,,,,,,,,,
16,Stoltzman Blunk Frederica,,,,,,,,,,,,
16,Papasergi Zagen Serina,,,,,,,,,,,,
16,Honeywell Auber Lynelle,,,,,,,,,,,,
16,Good Silvestrini Beckie,,,,,,,,,,,,
16,Rhymes Sarao Hoa,,,,,,,,,,,,
16,Schoeneck Shin Jesusa,,,,,,,,,,,,
16,Drymon Cartan Scarlet,,,,,,,,,,,,
16,Linahan Gotter Nieves,,,,,,,,,,,,
16,Gehrett Hoa Clay,,,,,,,,,,,,
16,Parlato Nayar Rikki,,,,,,,,,,,,
16,Eroman Jurney Luisa,,,,,,,,,,,,
16,Malet Weglarz Lonny,,,,,,,,,,,,
16,Tomasulo Skursky Benton,,,,,,,,,,,,
16,Colla Riopelle Talia,,,,,,,,,,,,
16,Klusman Storment Cordelia,,,,,,,,,,,,
16,Fern Mccullan Brett,,,,,,,,,,,,
16,Shire Butzen Rodolfo,,,,,,,,,,,,
16,Butt Motley Chauncey,,,,,,,,,,,,
16,Bubash Frankel Tiera,,,,,,,,,,,,
16,Layous Tegarden Virgina,,,,,,,,,,,,
16,Mclaird Saylors Fatima,,,,,,,,,,,,
16,Royster Schieler Glory,,,,,,,,,,,,
16,Inouye Palaia Alpha,,,,,,,,,,,,
16,Comnick Oldroyd Dyan,,,,,,,,,,,,
16,Keener Shinko Solange,,,,,,,,,,,,
16,Karpel Haufler Harrison,,,,,,,,,,,,
16,Brossart Rodeigues Terrilyn,,,,,,,,,,,,
16,Schieler Royster Maryann,,,,,,,,,,,,
16,Sayaphon Kolmetz Willard,,,,,,,,,,,,
16,Lungren Brucato Winfred,,,,,,,,,,,,
16,Scheyer Reiber Ligia,,,,,,,,,,,,
16,Ankeny Wieser Sage,,,,,,,,,,,,
16,Wrinkles Nabours Adelina,,,,,,,,,,,,
16,Tromblay Vocelka Francine,,,,,,,,,,,,
16,Lapage Seewald Shenika,,,,,,,,,,,,
16,Lizama Leto Reita,,,,,,,,,,,,
16,Corrio Harnos Ryan,,,,,,,,,,,,
16,Gleich Lipke Elza,,,,,,,,,,,,
16,Nayar Parlato Moon,,,,,,,,,,,,
16,Hamilton Plumer Rickie,,,,,,,,,,,,
16,Schemmer Colaizzo Cecilia,,,,,,,,,,,,
16,Gillian Koppinger Nan,,,,,,,,,,,,
16,Glick Rentfro Vi,,,,,,,,,,,,
16,Lueckenbach Abdallah Johnetta,,,,,,,,,,,,
16,Stenseth Kardas Colette,,,,,,,,,,,,
16,Vocelka Tromblay Malcolm,,,,,,,,,,,,
17,Funnell Lary Lucina,,,,,,,,,,,,
17,Mastella Wildfong Cassi,,,,,,,,,,,,
17,Myricks Vanausdal Jamal,,,,,,,,,,,,
17,Zagen Papasergi Rory,,,,,,,,,,,,
17,Albares Asar Loren,,,,,,,,,,,,
17,Storment Klusman Arlene,,,,,,,,,,,,
17,Hudnall Shields Tyra,,,,,,,,,,,,
17,Beech Jillson Fernanda,,,,,,,,,,,,
17,Heintzman Batman Carissa,,,,,,,,,,,,
17,Munis Cetta Angella,,,,,,,,,,,,
17,Ahle Greenbush Shonda,,,,,,,,,,,,
17,Hixenbaugh Tollner Mitsue,,,,,,,,,,,,
17,Klonowski Perruzza Daniel,,,,,,,,,,,,
17,Morocco Heimann Clorinda,,,,,,,,,,,,
17,Bayless Vonasek Kattie,,,,,,,,,,,,
17,Manno Wide Paris,,,,,,,,,,,,
17,Smith Schnitzler Gayla,,,,,,,,,,,,
17,Saulter Riden Dalene,,,,,,,,,,,,
17,Regusters Melnyk Gracia,,,,,,,,,,,,
17,Klimek Semidey Kasandra,,,,,,,,,,,,
17,Eschberger Karpin Karan,,,,,,,,,,,,
17,Keetch Steier Avery,,,,,,,,,,,,
17,Stem Halsey Nobuko,,,,,,,,,,,,
17,Spickerman Kannady Regenia,,,,,,,,,,,,
17,Gellinger Patak Denise,,,,,,,,,,,,
17,Vizarro Fillingim Skye,,,,,,,,,,,,
17,Meinerding Kalafatis Noah,,,,,,,,,,,,
17,Palaspas Ventura Ciara,,,,,,,,,,,,
17,Scriven Skulski Hillary,,,,,,,,,,,,
17,Gesick Nicolozakes Herminia,,,,,,,,,,,,
17,Setter Duenas Kimberlie,,,,,,,,,,,,
17,Flister Cookey Carmela,,,,,,,,,,,,
17,Munns Rhoden Janine,,,,,,,,,,,,
17,Limmel Treston Lucy,,,,,,,,,,,,
17,Stimmel Aredondo Rhea,,,,,,,,,,,,
17,Padilla Zepp Vincenza,,,,,,,,,,,,
17,Corbley Schirpke Goldie,,,,,,,,,,,,
17,Maybury Rauser Krissy,,,,,,,,,,,,
17,Farrar Loader Alex,,,,,,,,,,,,
17,Brideau Thyberg Hermila,,,,,,,,,,,,
17,Syrop Pawlowicz Gregoria,,,,,,,,,,,,
17,Callaro Scipione Mitsue,,,,,,,,,,,,
18,Greenbush Ahle Delmy,,,,,,,,,,,,
18,Berganza Raymo Marvel,,,,,,,,,,,,
18,Polidori Acey Geoffrey,,,,,,,,,,,,
18,Leinenbach Lindall Carmelina,,,,,,,,,,,,
18,Frankel Bubash Alecia,,,,,,,,,,,,
18,Jeanty Ferencz Erick,,,,,,,,,,,,
18,Ennaco Lietz Cherry,,,,,,,,,,,,
18,Harabedian Morasca Simona,,,,,,,,,,,,
18,Mconnell Perigo Amie,,,,,,,,,,,,
18,Tollner Hixenbaugh Alesia,,,,,,,,,,,,
18,Melnyk Regusters Jenelle,,,,,,,,,,,,
18,Gabisi Garufi Meaghan,,,,,,,,,,,,
18,Mai Kippley Deonna,,,,,,,,,,,,
18,Yori Flosi Fletcher,,,,,,,,,,,,
18,Bevelacqua Restrepo Theodora,,,,,,,,,,,,
18,Sarbacher Neither Matthew,,,,,,,,,,,,
18,Steier Keetch Garry,,,,,,,,,,,,
18,Lother Lacovara Salome,,,,,,,,,,,,
18,Luczki Wolny Lavonna,,,,,,,,,,,,
18,Bergesen Calvaresi Raymon,,,,,,,,,,,,
18,Jacobos Nicka Bette,,,,,,,,,,,,
18,Ohms Yglesias Maurine,,,,,,,,,,,,
18,Halsey Stem Lizette,,,,,,,,,,,,
18,Dopico Sturiale Peggie,,,,,,,,,,,,
18,Gibes Miro Billye,,,,,,,,,,,,
18,Herritt Degroot Novella,,,,,,,,,,,,
18,Giguere Farrow Arthur,,,,,,,,,,,,
18,Discipio Hagele Leatha,,,,,,,,,,,,
18,Benimadho Walthall Hubert,,,,,,,,,,,,
18,Hochard Pedrozo Teddy,,,,,,,,,,,,
18,Rauser Maybury Marti,,,,,,,,,,,,
18,Buzick Degonia Joesph,,,,,,,,,,,,
18,Abdallah Lueckenbach Mari,,,,,,,,,,,,
18,Thyberg Brideau Junita,,,,,,,,,,,,
18,Korando Frerking Mireya,,,,,,,,,,,,
18,Lietz Ennaco Teri,,,,,,,,,,,,
18,Daufeldt Rochin Xuan,,,,,,,,,,,,
18,Brachle Montezuma Georgene,,,,,,,,,,,,
18,Yglesias Ohms Iluminada,,,,,,,,,,,,
18,Hauenstein Latzke Lemuel,,,,,,,,,,,,
18,Scipione Callaro Brandon,,,,,,,,,,,,
18,Corrington Dubaldi Pete,,,,,,,,,,,,
18,Sengbusch Hoogland Tamar,,,,,,,,,,,,
18,Acey Polidori Katina,,,,,,,,,,,,
18,Tomblin Mulqueen Timothy,,,,,,,,,,,,
18,Auber Honeywell Arlette,,,,,,,,,,,,
18,Briddick Grenet Kenneth,,,,,,,,,,,,
18,Shinko Keener Ruthann,,,,,,,,,,,,
18,Meteer Barfield Stephaine,,,,,,,,,,,,
18,Dilello Bachman Jaclyn,,,,,,,,,,,,
18,Aquas Caiafa Ronny,,,,,,,,,,,,
18,Shin Schoeneck Dalene,,,,,,,,,,,,
18,Frerking Korando Celeste,,,,,,,,,,,,
18,Kohl Miceli Edna,,,,,,,,,,,,
18,Kitty Francescon Rolland,,,,,,,,,,,,
18,Rodefer Emigh Stephen,,,,,,,,,,,,
18,Shields Hudnall Mitzie,,,,,,,,,,,,
